,역명,노선명,sub노선명,순번,lat,lng,이용자변화율
0,역곡,1호선,1호선,146,37.485178,126.811502,-0.2861709737302123
1,신이문,1호선,1호선,121,37.601854,127.067325,-0.24867124031403898
2,노량진,1호선,1호선,136,37.514219,126.942454,-0.3144809812232925
3,송내,1호선,1호선,150,37.4876,126.753664,-0.3069108566247968
4,망월사,1호선,1호선,112,37.709914,127.047455,-0.33524737448901765
5,구로,1호선,1호선,141,37.503039,126.881966,-0.26640820730679904
6,신길,1호선,1호선,138,37.517122,126.917169,-0.19813374820731655
7,오류동,1호선,1호선,144,37.494526,126.845365,-0.2207469978782155
8,도화,1호선,1호선,157,37.46607,126.668672,-0.23696194056109288
9,녹천,1호선,1호선,117,37.644799,127.051269,-0.24372755988000194
10,용산,1호선,1호선,135,37.529849,126.964561,-0.35582950083197395
11,덕정,1호선,1호선,105,37.843188,127.061277,-0.3251041641731568
12,동두천중앙,1호선,1호선,103,37.901885,127.056482,-0.31707269927925985
13,종로3가,1호선,1호선,130,37.571607,126.991806,-0.3702077446113671
14,청량리(서울시립대입구),1호선,1호선,124,37.580178,127.046835,-0.30873663723207145
15,광운대,1호선,1호선,119,37.623632,127.061835,-0.3007307666340202
16,동대문,1호선,1호선,128,37.57142,127.009745,-0.3471682452334497
17,백운,1호선,1호선,153,37.483664,126.707704,-0.3371214025791375
18,월계,1호선,1호선,118,37.633212,127.058831,-0.23728663832360852
19,덕계,1호선,1호선,106,37.818486,127.056486,-0.030237176812911493
20,시청,1호선,1호선,132,37.564718,126.977108,-0.3479647793136319
21,신설동,1호선,1호선,126,37.575297,127.025087,-0.28176501265873555
22,지행,1호선,1호선,104,37.892334,127.055716,-0.2986601713089707
23,영등포,1호선,1호선,139,37.515504,126.907628,-0.3466430929155008
24,부개,1호선,1호선,151,37.488418,126.74109,-0.2840682296273078
25,중동,1호선,1호선,149,37.486562,126.764843,-0.25718472842002227
26,종각,1호선,1호선,131,37.570161,126.982923,-0.3786771875182332
27,보산,1호선,1호선,102,37.913702,127.057277,-0.28429274473953803
28,간석,1호선,1호선,155,37.464737,126.694181,-0.28193791382842914
29,구일,1호선,1호선,142,37.496756,126.870793,-0.362822170945609
30,창동,1호선,1호선,116,37.653166,127.047731,-0.2621674308930526
31,소사,1호선,1호선,147,37.482753,126.79544,-0.32738800803647927
32,회기,1호선,1호선,123,37.58946,127.057583,-0.3405541525029957
33,부천,1호선,1호선,148,37.48405,126.782686,-0.30675095913427386
34,남영,1호선,1호선,134,37.541021,126.9713,-0.30301929738257294
35,의정부,1호선,1호선,110,37.738415,127.045958,-0.29569169691354336
36,신도림,1호선,1호선,140,37.508725,126.891295,-0.30903803202436353
37,소요산,1호선,1호선,100,37.9481,127.061034,-0.34769420103650883
38,서울역,1호선,1호선,133,37.554648,126.972559,-0.40800617254347327
39,석계,1호선,1호선,120,37.614805,127.065851,-0.2730543276935312
40,종로5가,1호선,1호선,129,37.570926,127.001849,-0.3235829246088767
41,방학,1호선,1호선,115,37.667503,127.044273,-0.231994813112271
42,녹양,1호선,1호선,108,37.75938,127.042292,-0.2584198057572752
43,인천,1호선,1호선,161,37.476691,126.616936,-0.3283381857859913
44,대방,1호선,1호선,137,37.513342,126.926382,-0.29933699104112
45,도봉산,1호선,1호선,113,37.689313,127.046222,-0.19073997577238744
46,제기동,1호선,1호선,125,37.578103,127.034893,-0.2971746732797199
47,주안,1호선,1호선,156,37.464941,126.679923,-0.3341470825433681
48,제물포,1호선,1호선,158,37.466769,126.656666,-0.2780135913116135
49,동두천,1호선,1호선,101,37.927878,127.05479,-0.28420192571340563
50,양주,1호선,1호선,107,37.774381,127.044708,-0.3110744973056261
51,회룡,1호선,1호선,111,37.724846,127.046895,-0.23120562077182116
52,외대앞,1호선,1호선,122,37.596073,127.063549,-0.44416005873715125
53,동묘앞,1호선,1호선,127,37.572627,127.016429,-0.27300941806294754
54,온수(성공회대입구),1호선,1호선,145,37.492258,126.823388,-0.24897096714276656
55,도원,1호선,1호선,159,37.468446,126.642706,-0.3690144915301017
56,가능,1호선,1호선,109,37.748577,127.044213,-0.2599903937669372
57,도봉,1호선,1호선,114,37.679563,127.045595,-0.22457922178956957
58,부평,1호선,1호선,152,37.489493,126.724805,-0.31820145802132627
59,개봉,1호선,1호선,143,37.494594,126.85868,-0.27270737442298854
60,동암,1호선,1호선,154,37.471408,126.702896,-0.2959980407340552
61,동인천,1호선,1호선,160,37.475276,126.632802,-0.3301896119814184
62,신창(순천향대),1호선,1호선A,176,36.769502,126.951108,-0.46099178511322547
63,두정,1호선,1호선A,168,36.833705,127.14896,-0.3183728704993194
64,안양,1호선,1호선A,147,37.401592,126.922874,-0.3286149888182057
65,세마,1호선,1호선A,158,37.187533,127.04318,-0.31417622701466497
66,구로,1호선,1호선A,141,37.503039,126.881966,-0.26640820730679904
67,오산,1호선,1호선A,160,37.145885,127.06672,-0.2604478536011394
68,송탄,1호선,1호선A,162,37.075696,127.054301,-0.30441059745724897
69,쌍용(나사렛대),1호선,1호선A,171,36.793759,127.1214,-0.39584531303593407
70,진위,1호선,1호선A,161,37.109447,127.062278,-0.2814469566130542
71,명학,1호선,1호선A,148,37.384653,126.935433,-0.28290963694081295
72,평택,1호선,1호선A,165,36.990726,127.085159,-0.306115323973689
73,의왕,1호선,1호선A,152,37.320852,126.948217,-0.22310073003846365
74,천안,1호선,1호선A,169,36.810005,127.146826,-0.417520819121708
75,병점,1호선,1호선A,157,37.207503,127.032731,-0.3215422359463569
76,관악,1호선,1호선A,146,37.419232,126.908706,-0.29111532649462635
77,가산디지털단지,1호선,1호선A,142,37.481072,126.882343,-0.1358371150297102
78,성균관대,1호선,1호선A,153,37.300349,126.97075,-0.29312631746289863
79,수원,1호선,1호선A,155,37.265974,126.999874,-0.3526775570304135
80,군포,1호선,1호선A,150,37.35356,126.948462,-0.19365471299770742
81,직산,1호선,1호선A,167,36.870593,127.143904,-0.34883505727035313
82,배방,1호선,1호선A,174,36.777629,127.052991,-0.2450583293887847
83,서정리,1호선,1호선A,163,37.056496,127.052819,-0.07106684429110754
84,당정,1호선,1호선A,151,37.344285,126.948345,-0.3201429320000876
85,세류,1호선,1호선A,156,37.245025,127.013222,-0.36536995862085675
86,독산,1호선,1호선A,143,37.466613,126.889249,-0.1920661510309809
87,오산대,1호선,1호선A,159,37.168953,127.063197,-0.2516365259016621
88,봉명,1호선,1호선A,170,36.801215,127.135763,-0.3053663940568896
89,온양온천,1호선,1호선A,175,36.780483,127.003249,-0.3993313722803137
90,금정,1호선,1호선A,149,37.372221,126.943429,-0.22509142246005687
91,아산,1호선,1호선A,172,36.792053,127.104361,-0.30964387144722016
92,금천구청,1호선,1호선A,144,37.455626,126.89398,-0.2207941467664858
93,평택지제,1호선,1호선A,164,37.0188,127.070444,-0.11959694520016517
94,성환,1호선,1호선A,166,36.916076,127.126964,-0.3962678058081155
95,화서,1호선,1호선A,154,37.283862,126.989627,-0.3054454896945985
96,석수,1호선,1호선A,145,37.435047,126.902295,-0.29139730551907195
97,광명,1호선,1호선B,145,37.416182,126.884466,-0.14652797325540068
98,금천구청,1호선,1호선B,144,37.455626,126.89398,-0.2207941467664858
99,병점,1호선,1호선C,157,37.207503,127.032731,-0.3215422359463569
100,서동탄,1호선,1호선C,158,37.195504,127.051672,-0.3154826889868847
101,한양대,2호선,2호선,209,37.555273,127.043655,-0.49015618542674
102,을지로3가,2호선,2호선,203,37.566295,126.99191,-0.28292645554214
103,충정로(경기대입구),2호선,2호선,243,37.559973,126.963672,-0.2547539756664371
104,영등포구청,2호선,2호선,236,37.52497,126.895951,-0.1709211691091882
105,서초,2호선,2호선,224,37.491897,127.007917,-0.28464683620228237
106,잠실나루,2호선,2호선,215,37.520733,127.10379,-0.3238119204468982
107,을지로4가,2호선,2호선,204,37.566941,126.998079,-0.18333632212740103
108,왕십리(성동구청),2호선,2호선,208,37.561533,127.037732,-0.3262649698658038
109,교대(법원.검찰청),2호선,2호선,223,37.493415,127.01408,-0.27427714514048396
110,종합운동장,2호선,2호선,218,37.510997,127.073642,-0.5360066091746255
111,아현,2호선,2호선,242,37.557345,126.956141,-0.24607204477454958
112,사당,2호선,2호선,226,37.47653,126.981685,-0.30683189692265933
113,시청,2호선,2호선,201,37.564718,126.977108,-0.3479647793136319
114,강변(동서울터미널),2호선,2호선,214,37.535095,127.094681,-0.4220370130679365
115,시청,2호선,2호선,244,37.564718,126.977108,-0.3479647793136319
116,당산,2호선,2호선,237,37.53438,126.902281,-0.26718916860403563
117,신림,2호선,2호선,230,37.484201,126.929715,-0.24801944683990573
118,이대,2호선,2호선,241,37.556733,126.946013,-0.4969269671311768
119,강남,2호선,2호선,222,37.497175,127.027926,-0.3256539890517869
120,서울대입구(관악구청),2호선,2호선,228,37.481247,126.952739,-0.2640464777847791
121,상왕십리,2호선,2호선,207,37.564354,127.029354,-0.22246799815391538
122,을지로입구,2호선,2호선,202,37.566014,126.982618,-0.4088220519256067
123,잠실(송파구청),2호선,2호선,216,37.51395,127.102234,-0.3658218287176961
124,문래,2호선,2호선,235,37.517933,126.89476,-0.17587377834986562
125,삼성(무역센터),2호선,2호선,219,37.508844,127.06316,-0.3473739139574833
126,성수,2호선,2호선,211,37.544581,127.055961,-0.07510891268597475
127,대림(구로구청),2호선,2호선,233,37.49297,126.895801,-0.3144231039965123
128,건대입구,2호선,2호선,212,37.540693,127.07023,-0.3565093668547894
129,홍대입구,2호선,2호선,239,37.557192,126.925381,-0.438715302919257
130,신당,2호선,2호선,206,37.565972,127.01782,-0.25968171804221374
131,신도림,2호선,2호선,234,37.508725,126.891295,-0.30903803202436353
132,구의(광진구청),2호선,2호선,213,37.537077,127.085916,-0.2110611833411138
133,구로디지털단지,2호선,2호선,232,37.485266,126.901401,-0.23262922395254548
134,신촌,2호선,2호선,240,37.555134,126.936893,-0.4306723013501783
135,봉천,2호선,2호선,229,37.482362,126.941892,-0.20247139553597882
136,잠실새내,2호선,2호선,217,37.511687,127.086162,-0.3430144195598507
137,낙성대(강감찬),2호선,2호선,227,37.47693,126.963693,-0.24966255985004016
138,합정,2호선,2호선,238,37.549463,126.913739,-0.27277382251370375
139,역삼,2호선,2호선,221,37.500622,127.036456,-0.20252891181224542
140,신대방,2호선,2호선,231,37.487462,126.913149,-0.24232687592913216
141,뚝섬,2호선,2호선,210,37.547184,127.047367,-0.10500714836959069
142,선릉,2호선,2호선,220,37.504503,127.049008,-0.1909893620511206
143,동대문역사문화공원(DDP),2호선,2호선,205,37.565138,127.007896,-0.45489424729369876
144,방배,2호선,2호선,225,37.481426,126.997596,-0.3292940403963043
145,신답,2호선,2호선A,213,37.57004,127.046481,-0.20214916132409277
146,신설동,2호선,2호선A,215,37.575297,127.025087,-0.28176501265873555
147,성수,2호선,2호선A,211,37.544581,127.055961,-0.07510891268597475
148,용두(동대문구청),2호선,2호선A,214,37.574028,127.038091,-0.21420673644051225
149,용답,2호선,2호선A,212,37.561904,127.050899,-0.21766827764936614
150,도림천,2호선,2호선B,235,37.514287,126.882768,-0.10384878753655369
151,신도림,2호선,2호선B,234,37.508725,126.891295,-0.30903803202436353
152,신정네거리,2호선,2호선B,237,37.520074,126.852912,-0.18692930952495268
153,까치산,2호선,2호선B,238,37.531768,126.846683,-0.21180943458478874
154,양천구청,2호선,2호선B,236,37.512398,126.865819,-0.24431263138617298
155,금호,3호선,3호선,334,37.548034,127.015872,-0.23608909712317594
156,을지로3가,3호선,3호선,330,37.566295,126.99191,-0.28292645554214
157,약수,3호선,3호선,333,37.55434,127.010655,-0.2628555766250458
158,마두,3호선,3호선,312,37.652206,126.77762,-0.3009072279371282
159,정발산,3호선,3호선,311,37.659477,126.773359,-0.3324545157032759
160,지축,3호선,3호선,319,37.648048,126.913951,1.1912209277894368
161,원흥,3호선,3호선,317,37.650658,126.872642,-0.13148943282776782
162,삼송,3호선,3호선,318,37.653083,126.895558,-0.1460114016497448
163,원당,3호선,3호선,316,37.653324,126.843041,-0.24786992558593335
164,경복궁(정부서울청사),3호선,3호선,327,37.575762,126.97353,-0.42154614957208436
165,학여울,3호선,3호선,346,37.496663,127.070594,-0.42817903083492437
166,동대입구,3호선,3호선,332,37.559052,127.005602,-0.47926023097214
167,무악재,3호선,3호선,325,37.582299,126.950291,-0.22368846841854328
168,홍제,3호선,3호선,324,37.589066,126.943736,-0.2728626645560246
169,교대(법원.검찰청),3호선,3호선,340,37.493415,127.01408,-0.27427714514048396
170,독립문,3호선,3호선,326,37.574571,126.957748,-0.3208766055171386
171,종로3가,3호선,3호선,329,37.571607,126.991806,-0.3702077446113671
172,도곡,3호선,3호선,344,37.490858,127.055381,-0.25951219865471575
173,옥수,3호선,3호선,335,37.540685,127.017965,-0.2564027174052831
174,대화,3호선,3호선,309,37.676087,126.747569,-0.3261952859454543
175,오금,3호선,3호선,352,37.502162,127.128111,-0.24567435693792472
176,충무로,3호선,3호선,331,37.561243,126.99428,-0.3607495415194394
177,압구정,3호선,3호선,336,37.527072,127.028461,-0.24854987073137513
178,대치,3호선,3호선,345,37.494612,127.063642,-0.3029924572750603
179,고속터미널,3호선,3호선,339,37.50481,127.004943,-0.40005113614083465
180,백석,3호선,3호선,313,37.643114,126.78787,-0.29945658145618126
181,일원,3호선,3호선,348,37.483681,127.08439,-0.2388390430103522
182,대곡,3호선,3호선,314,37.631626,126.811024,-0.16658127624165853
183,화정,3호선,3호선,315,37.634592,126.83265,-0.3020059890338589
184,안국,3호선,3호선,328,37.576477,126.985443,-0.405638494980357
185,녹번,3호선,3호선,323,37.600927,126.935756,-0.14716720342978984
186,불광,3호선,3호선,322,37.610469,126.929887,-0.2917717683454014
187,가락시장,3호선,3호선,350,37.492522,127.118234,-0.2404176256996079
188,남부터미널(예술의전당),3호선,3호선,341,37.485013,127.016189,-0.3276975405396034
189,잠원,3호선,3호선,338,37.512759,127.01122,-0.3547966908202659
190,대청,3호선,3호선,347,37.493514,127.079532,-0.24393035474202462
191,구파발,3호선,3호선,320,37.636763,126.918821,-0.22668044271665688
192,신사,3호선,3호선,337,37.516334,127.020114,-0.2574212167471085
193,수서,3호선,3호선,349,37.487371,127.10188,-0.2668711656441718
194,매봉,3호선,3호선,343,37.486947,127.046769,-0.1783116426249728
195,양재(서초구청),3호선,3호선,342,37.484147,127.034631,-0.2635173552172765
196,주엽,3호선,3호선,310,37.670072,126.761334,-0.30076679643768
197,경찰병원,3호선,3호선,351,37.495918,127.12454,-0.23417702584379785
198,연신내,3호선,3호선,321,37.619001,126.921008,-0.2550966843417978
199,혜화,4호선,4호선,420,37.582336,127.001844,-0.4029113490276517
200,평촌,4호선,4호선,441,37.394287,126.963883,-0.21180366928447547
201,한대앞,4호선,4호선,449,37.309689,126.85344,-0.25079074664375745
202,명동,4호선,4호선,424,37.560989,126.986325,-0.6233440108619361
203,당고개,4호선,4호선,409,37.670272,127.079066,-0.20071114525314715
204,상록수,4호선,4호선,448,37.302795,126.866489,-0.33370421816861984
205,과천,4호선,4호선,438,37.433021,126.996568,-0.1916196595272921
206,경마공원,4호선,4호선,436,37.443885,127.007888,-0.8186534329925143
207,노원,4호선,4호선,411,37.655128,127.061368,-0.26453811515825487
208,대공원,4호선,4호선,437,37.435675,127.006523,-0.4870331622724533
209,수유(강북구청),4호선,4호선,414,37.638052,127.025732,-0.2589388515842376
210,사당,4호선,4호선,433,37.47653,126.981685,-0.30683189692265933
211,총신대입구(이수),4호선,4호선,432,37.486263,126.981989,-0.27912336503470947
212,동작(현충원),4호선,4호선,431,37.502971,126.979306,-0.25594372411134436
213,산본,4호선,4호선,444,37.358101,126.933274,-0.2838059800683205
214,길음,4호선,4호선,417,37.603407,127.025053,-0.30833143501227556
215,동대문,4호선,4호선,421,37.57142,127.009745,-0.3471682452334497
216,쌍문,4호선,4호선,413,37.648627,127.034709,-0.25225792412842396
217,안산,4호선,4호선,453,37.327082,126.788532,-0.33107391936336017
218,충무로,4호선,4호선,423,37.561243,126.99428,-0.3607495415194394
219,정왕,4호선,4호선,455,37.351735,126.742989,-0.26379375982188447
220,반월,4호선,4호선,447,37.312212,126.903524,-0.2552112461615359
221,미아(서울사이버대학),4호선,4호선,415,37.62667,127.025983,-0.2711435834229251
222,창동,4호선,4호선,412,37.653166,127.047731,-0.2621674308930526
223,남태령,4호선,4호선,434,37.463873,126.989134,-0.5890302623252384
224,범계,4호선,4호선,442,37.389793,126.950806,-0.3043421849602971
225,인덕원,4호선,4호선,440,37.401553,126.976715,-0.27791762073349746
226,정부과천청사,4호선,4호선,439,37.426513,126.98978,-0.3824308016789508
227,회현(남대문시장),4호선,4호선,425,37.558514,126.978246,-0.3991191375913622
228,서울역,4호선,4호선,426,37.554648,126.972559,-0.40800617254347327
229,대야미,4호선,4호선,446,37.328467,126.917332,-0.12328845281977152
230,중앙,4호선,4호선,450,37.315941,126.838573,-0.2384578072537753
231,오이도,4호선,4호선,456,37.362357,126.738714,-0.302886903773564
232,고잔,4호선,4호선,451,37.316777,126.823249,-0.239326261645186
233,미아사거리,4호선,4호선,416,37.613292,127.030053,-0.23182428865933247
234,수리산,4호선,4호선,445,37.349801,126.925365,-0.23988101143148366
235,삼각지,4호선,4호선,428,37.534777,126.97311,-0.30545029811623137
236,금정,4호선,4호선,443,37.372221,126.943429,-0.22509142246005687
237,숙대입구(갈월),4호선,4호선,427,37.54456,126.972106,-0.37140489776357666
238,초지,4호선,4호선,452,37.320646,126.805913,-0.14953541934896042
239,한성대입구(삼선교),4호선,4호선,419,37.588458,127.006221,-0.3316534580156858
240,신용산,4호선,4호선,429,37.52917,126.967894,-0.2556370198770679
241,이촌(국립중앙박물관),4호선,4호선,430,37.522272,126.974345,-0.36869590235879535
242,동대문역사문화공원(DDP),4호선,4호선,422,37.565138,127.007896,-0.45489424729369876
243,신길온천,4호선,4호선,454,37.338212,126.765844,-0.22561068896935077
244,성신여대입구(돈암),4호선,4호선,418,37.592624,127.016403,-0.32889862470555553
245,선바위,4호선,4호선,435,37.451673,127.002303,-0.2897617706837782
246,상계,4호선,4호선,410,37.660878,127.073572,-0.24761212674114874
247,충정로(경기대입구),5호선,5호선,531,37.559973,126.963672,-0.2547539756664371
248,천호(풍납토성),5호선,5호선,547,37.538397,127.123572,-0.27958139670701354
249,김포공항,5호선,5호선,512,37.562434,126.801058,-0.2502203863166078
250,영등포구청,5호선,5호선,523,37.52497,126.895951,-0.1709211691091882
251,장한평,5호선,5호선,543,37.56144,127.064623,-0.21379771560999838
252,서대문,5호선,5호선,532,37.565773,126.966641,-0.23217135249500953
253,신길,5호선,5호선,525,37.517122,126.917169,-0.19813374820731655
254,광화문(세종문화회관),5호선,5호선,533,37.571026,126.976669,-0.3480822805306695
255,을지로4가,5호선,5호선,535,37.566941,126.998079,-0.18333632212740103
256,왕십리(성동구청),5호선,5호선,540,37.561533,127.037732,-0.3262649698658038
257,방화,5호선,5호선,510,37.577446,126.812741,-0.2560476866376503
258,종로3가,5호선,5호선,534,37.571607,126.991806,-0.3702077446113671
259,우장산,5호선,5호선,516,37.548768,126.836318,-0.2770379388885942
260,마곡,5호선,5호선,514,37.560183,126.825448,0.03204729764488734
261,목동,5호선,5호선,520,37.526065,126.864931,-0.25867548309682564
262,길동,5호선,5호선,549,37.537801,127.140004,-0.17097618234944656
263,아차산(어린이대공원후문),5호선,5호선,545,37.551691,127.089761,-0.20719929202975385
264,개화산,5호선,5호선,511,37.572399,126.806171,-0.2672511347827967
265,마포,5호선,5호선,528,37.539574,126.945932,-0.22075935062786944
266,군자(능동),5호선,5호선,544,37.557121,127.079542,-0.19798557327834831
267,오목교(목동운동장앞),5호선,5호선,521,37.524496,126.875181,-0.2588325078416378
268,신정(은행정),5호선,5호선,519,37.524997,126.856191,-0.1970392844345611
269,상일동,5호선,5호선,553,37.556712,127.166417,0.005617114347604035
270,강동,5호선,5호선,548,37.535804,127.132481,-0.22425780281891472
271,송정,5호선,5호선,513,37.561184,126.811973,-0.3789224559185531
272,청구,5호선,5호선,537,37.560245,127.013828,-0.21055267407123834
273,답십리,5호선,5호선,542,37.566747,127.052704,-0.2169651729053108
274,마장,5호선,5호선,541,37.5661,127.042973,-0.28207126018337636
275,행당,5호선,5호선,539,37.557322,127.029476,-0.23254095615462633
276,양평(서울),5호선,5호선,522,37.525338,126.886194,-0.12671630271894097
277,까치산,5호선,5호선,518,37.531768,126.846683,-0.21180943458478874
278,여의나루,5호선,5호선,527,37.527098,126.932901,-0.29892841053161456
279,광나루(장신대),5호선,5호선,546,37.545303,127.10357,-0.2674462169883216
280,고덕,5호선,5호선,552,37.555004,127.154151,-0.27331191952738876
281,화곡,5호선,5호선,517,37.541513,126.840461,-0.23017861872721979
282,명일,5호선,5호선,551,37.55137,127.143999,-0.20281979155645713
283,발산,5호선,5호선,515,37.558598,126.837668,-0.16355730244586042
284,영등포시장,5호선,5호선,524,37.522669,126.905139,-0.2379728672854633
285,동대문역사문화공원(DDP),5호선,5호선,536,37.565138,127.007896,-0.45489424729369876
286,애오개,5호선,5호선,530,37.553736,126.95682,-0.25440892778613033
287,신금호,5호선,5호선,538,37.554548,127.020331,-0.23562823640653507
288,공덕,5호선,5호선,529,37.544018,126.951592,-0.2265167008020148
289,굽은다리(강동구민회관앞),5호선,5호선,550,37.545477,127.142853,-0.23390750389035708
290,여의도,5호선,5호선,526,37.521624,126.924191,-0.13690693663418985
291,오금,5호선,5호선A,552,37.502162,127.128111,-0.24567435693792472
292,강동,5호선,5호선A,548,37.535804,127.132481,-0.22425780281891472
293,둔촌동,5호선,5호선A,549,37.527788,127.136248,-0.26629794972534027
294,방이,5호선,5호선A,551,37.508857,127.126133,-0.24592109565185716
295,올림픽공원(한국체대),5호선,5호선A,550,37.516078,127.130848,-0.2541300766034955
296,거여,5호선,5호선A,554,37.493105,127.14415,-0.15208243124629606
297,마천,5호선,5호선A,555,37.49499,127.152781,-0.107680551495826
298,개롱,5호선,5호선A,553,37.498079,127.13482,-0.25814490432094295
299,약수,6호선,6호선,633,37.55434,127.010655,-0.2628555766250458
300,버티고개,6호선,6호선,632,37.548013,127.007055,-0.28290189525758
301,안암(고대병원앞),6호선,6호선,639,37.586272,127.029005,-0.419879178894882
302,봉화산(서울의료원),6호선,6호선,647,37.617283,127.091401,-0.27978456749073743
303,돌곶이,6호선,6호선,643,37.610537,127.056431,-0.17866511879936653
304,응암,6호선,6호선,610,37.598605,126.915577,-0.209934536784814
305,월드컵경기장(성산),6호선,6호선,619,37.569532,126.899298,-0.43406777890193926
306,보문,6호선,6호선,638,37.585286,127.019381,-0.23811221120966786
307,효창공원앞,6호선,6호선,627,37.539261,126.961351,-0.22387602249394212
308,새절(신사),6호선,6호선,616,37.591148,126.913629,-0.24660562535311348
309,상수,6호선,6호선,623,37.547716,126.922852,-0.38354348194928833
310,신내,6호선,6호선,648,37.612887,127.103218,0.5082901246784088
311,증산(명지대앞),6호선,6호선,617,37.583876,126.909645,-0.21651770104861734
312,고려대(종암),6호선,6호선,640,37.590508,127.036296,-0.356618354533662
313,광흥창(서강),6호선,6호선,624,37.547456,126.931993,-0.2666644621698112
314,이태원,6호선,6호선,630,37.534488,126.994302,-0.5068495482292664
315,마포구청,6호선,6호선,620,37.563515,126.903343,-0.22837497907810378
316,청구,6호선,6호선,634,37.560245,127.013828,-0.21055267407123834
317,신당,6호선,6호선,635,37.565972,127.01782,-0.25968171804221374
318,석계,6호선,6호선,644,37.614805,127.065851,-0.2730543276935312
319,망원,6호선,6호선,621,37.556094,126.910052,-0.17738539014769938
320,창신,6호선,6호선,637,37.579661,127.015241,-0.23683234518700724
321,화랑대(서울여대입구),6호선,6호선,646,37.620064,127.084689,-0.3074609245076185
322,녹사평(용산구청),6호선,6호선,629,37.534675,126.986695,-0.369898677262561
323,태릉입구,6호선,6호선,645,37.617983,127.07512,-0.25377844899866453
324,대흥(서강대앞),6호선,6호선,625,37.547771,126.942069,-0.3018191348770696
325,디지털미디어시티,6호선,6호선,618,37.576646,126.900984,-0.1944720007000622
326,상월곡(한국과학기술연구원),6호선,6호선,642,37.606377,127.048491,-0.24183275309255725
327,삼각지,6호선,6호선,628,37.534777,126.97311,-0.30545029811623137
328,동묘앞,6호선,6호선,636,37.572627,127.016429,-0.27300941806294754
329,합정,6호선,6호선,622,37.549463,126.913739,-0.27277382251370375
330,한강진,6호선,6호선,631,37.539631,127.001725,-0.27715858688777417
331,공덕,6호선,6호선,626,37.544018,126.951592,-0.2265167008020148
332,월곡(동덕여대),6호선,6호선,641,37.601948,127.041518,-0.29697113573482437
333,응암,6호선,6호선A,610,37.598605,126.915577,-0.209934536784814
334,응암,6호선,6호선A,616,37.598605,126.915577,-0.209934536784814
335,독바위,6호선,6호선A,613,37.618456,126.933031,-0.2081562975258081
336,구산,6호선,6호선A,615,37.611377,126.91727,-0.2503390119510761
337,불광,6호선,6호선A,612,37.610469,126.929887,-0.2917717683454014
338,연신내,6호선,6호선A,614,37.619001,126.921008,-0.2550966843417978
339,역촌,6호선,6호선A,611,37.606021,126.922744,-0.24246977600332464
340,반포,7호선,7호선,733,37.508178,127.011727,-0.27306327105410544
341,보라매,7호선,7호선,742,37.499872,126.920428,-0.18316917055559434
342,부천종합운동장,7호선,7호선,752,37.50538,126.797337,-0.262488683676241
343,사가정,7호선,7호선,722,37.580894,127.088478,-0.17065334676356714
344,남성,7호선,7호선,737,37.484596,126.971251,-0.23534652303771642
345,내방,7호선,7호선,735,37.487618,126.993513,-0.19368810943711712
346,신중동,7호선,7호선,754,37.503048,126.77596,-0.22570947779613848
347,신풍,7호선,7호선,743,37.50008,126.90993,-0.20926180423666407
348,논현,7호선,7호선,732,37.511093,127.021415,-0.16798348975644595
349,어린이대공원(세종대),7호선,7호선,726,37.548014,127.074658,-0.37797270004961303
350,상동,7호선,7호선,756,37.505781,126.753083,-0.2950715451118654
351,석남,7호선,7호선,761,37.506193,126.676203,
352,먹골,7호선,7호선,718,37.610637,127.077725,-0.22079300058793327
353,상봉(시외버스터미널),7호선,7호선,720,37.596362,127.085032,-0.19862392006691143
354,노원,7호선,7호선,713,37.655128,127.061368,-0.26453811515825487
355,이수,7호선,7호선,736,37.486263,126.981989,-0.2497351942063578
356,숭실대입구(살피재),7호선,7호선,738,37.496029,126.953822,-0.37515109301610416
357,철산,7호선,7호선,747,37.47605,126.867911,-0.2654457931891808
358,까치울,7호선,7호선,751,37.506207,126.810939,-0.19032372192885616
359,하계,7호선,7호선,715,37.636352,127.06799,-0.28135061862903243
360,굴포천,7호선,7호선,758,37.506997,126.73128,-0.23358086989228177
361,군자(능동),7호선,7호선,725,37.557121,127.079542,-0.19798557327834831
362,고속터미널,7호선,7호선,734,37.50481,127.004943,-0.40005113614083465
363,장승배기,7호선,7호선,740,37.504898,126.93915,-0.2745775494737973
364,광명사거리,7호선,7호선,748,37.479252,126.854876,-0.2829771626231439
365,강남구청,7호선,7호선,730,37.517186,127.04128,-0.16275754284531496
366,가산디지털단지,7호선,7호선,746,37.481072,126.882343,-0.1358371150297102
367,천왕,7호선,7호선,749,37.486637,126.838713,-0.08498868298934448
368,중곡,7호선,7호선,724,37.565923,127.08432,-0.22148806662838771
369,학동,7호선,7호선,731,37.514229,127.031656,-0.13745061296577343
370,대림(구로구청),7호선,7호선,744,37.49297,126.895801,-0.3144231039965123
371,춘의,7호선,7호선,753,37.503663,126.787036,-0.1659436879369589
372,건대입구,7호선,7호선,727,37.540693,127.07023,-0.3565093668547894
373,면목,7호선,7호선,721,37.588579,127.087503,-0.21976881358123113
374,중계,7호선,7호선,714,37.644583,127.064303,-0.28065059291950556
375,마들,7호선,7호선,712,37.66494,127.057675,-0.18956383252317321
376,용마산(용마폭포공원),7호선,7호선,723,37.573647,127.086727,-0.21371301846628843
377,남구로,7호선,7호선,745,37.486056,126.887249,-0.205445514052656
378,청담,7호선,7호선,729,37.519365,127.05335,-0.22119509946915172
379,도봉산,7호선,7호선,710,37.689313,127.046222,-0.19073997577238744
380,장암,7호선,7호선,709,37.700109,127.053196,-0.21492550833886026
381,태릉입구,7호선,7호선,717,37.617983,127.07512,-0.25377844899866453
382,부천시청,7호선,7호선,755,37.504631,126.763538,-0.22234818725031447
383,신대방삼거리,7호선,7호선,741,37.499701,126.928276,-0.214699043557675
384,온수(성공회대입구),7호선,7호선,750,37.492258,126.823388,-0.24897096714276656
385,부평구청,7호선,7호선,759,37.508336,126.720548,-0.2776043188224041
386,중화,7호선,7호선,719,37.602545,127.079264,-0.22242486939444295
387,수락산,7호선,7호선,711,37.67785,127.055315,-0.22536877735518313
388,상도,7호선,7호선,739,37.502834,126.94791,-0.2838257029512017
389,뚝섬유원지,7호선,7호선,728,37.53154,127.066704,-0.2282951480628309
390,삼산체육관,7호선,7호선,757,37.506411,126.742153,-0.29018294813572243
391,공릉(서울과학기술대),7호선,7호선,716,37.625742,127.072896,-0.263760969662424
392,천호(풍납토성),8호선,8호선,811,37.538397,127.123572,-0.27958139670701354
393,강동구청,8호선,8호선,812,37.530341,127.120508,-0.22524604129526749
394,수진,8호선,8호선,825,37.437428,127.140722,-0.2534204667978053
395,남한산성입구(성남법원.검찰청),8호선,8호선,822,37.451535,127.159816,-0.23842319660721356
396,복정,8호선,8호선,820,37.470047,127.126662,-0.2698879569779772
397,신흥,8호선,8호선,824,37.440918,127.147564,-0.21705319312278903
398,몽촌토성(평화의문),8호선,8호선,813,37.517409,127.112359,-0.29730604740397293
399,잠실(송파구청),8호선,8호선,814,37.51395,127.102234,-0.3658218287176961
400,석촌,8호선,8호선,815,37.505431,127.106979,
401,장지,8호선,8호선,819,37.478703,127.126191,-0.2570271305165891
402,가락시장,8호선,8호선,817,37.492522,127.118234,-0.2404176256996079
403,단대오거리,8호선,8호선,823,37.44521,127.156866,-0.2486025166036666
404,송파,8호선,8호선,816,37.499703,127.112183,-0.1614064746630527
405,문정,8호선,8호선,818,37.485855,127.1225,-0.10486678261457405
406,암사,8호선,8호선,810,37.55021,127.127562,-0.1908030461171477
407,산성,8호선,8호선,821,37.457122,127.149908,-0.1409571660907475
408,모란,8호선,8호선,826,37.43213,127.129087,-0.26326693326886597
409,노량진,9호선,9호선,917,37.514219,126.942454,-0.3144809812232925
410,김포공항,9호선,9호선,902,37.562434,126.801058,-0.2502203863166078
411,가양,9호선,9호선,907,37.561391,126.854456,-0.2190068185714824
412,신논현,9호선,9호선,925,37.504598,127.02506,-0.21714871434700822
413,마곡나루(서울식물원),9호선,9호선,905,37.567336,126.829497,0.0911244605082655
414,신목동,9호선,9호선,911,37.544277,126.88308,-0.243424805095238
415,국회의사당,9호선,9호선,914,37.528105,126.917874,-0.2805021884720649
416,종합운동장,9호선,9호선,930,37.510997,127.073642,-0.5360066091746255
417,동작(현충원),9호선,9호선,920,37.502971,126.979306,-0.25594372411134436
418,당산,9호선,9호선,913,37.53438,126.902281,-0.26718916860403563
419,신방화,9호선,9호선,904,37.567532,126.816601,-0.26830070789263116
420,고속터미널,9호선,9호선,923,37.50481,127.004943,-0.40005113614083465
421,언주,9호선,9호선,926,37.507287,127.033868,-0.12523719058684202
422,선정릉,9호선,9호선,927,37.51098,127.043593,-0.1439907000696674
423,석촌,9호선,9호선,933,37.505431,127.106979,
424,염창,9호선,9호선,910,37.546936,126.874916,-0.19017614673108563
425,선유도,9호선,9호선,912,37.53802,126.893525,-0.1224657812034392
426,봉은사,9호선,9호선,929,37.514219,127.060245,-0.27858489483747606
427,노들,9호선,9호선,918,37.512887,126.953222,-0.23770996451583837
428,구반포,9호선,9호선,921,37.501364,126.987332,-0.309020083579014
429,등촌,9호선,9호선,909,37.550632,126.865689,-0.16914560700992987
430,개화,9호선,9호선,901,37.578608,126.798153,-0.6736487299242082
431,양천향교,9호선,9호선,906,37.568381,126.841333,-0.1453832617923969
432,증미,9호선,9호선,908,37.557402,126.861939,-0.17593483959608713
433,삼성중앙,9호선,9호선,928,37.513011,127.053282,-0.09436443546207796
434,올림픽공원(한국체대),9호선,9호선,936,37.516078,127.130848,-0.2541300766034955
435,사평,9호선,9호선,924,37.504206,127.015259,-0.20376127865157778
436,공항시장,9호선,9호선,903,37.563726,126.810678,-0.18917083561594317
437,여의도,9호선,9호선,915,37.521624,126.924191,-0.13690693663418985
438,흑석(중앙대입구),9호선,9호선,919,37.50877,126.963708,-0.38003998799742733
439,샛강,9호선,9호선,916,37.517274,126.928422,-0.17370887849889338
440,신반포,9호선,9호선,922,37.503415,126.995925,-0.26944247321758863
441,판교,경강선,경강선,410,37.394761,127.111217,-0.12499733681213954
442,세종대왕릉,경강선,경강선,419,37.295309,127.570938,-0.1953528444521494
443,신둔도예촌,경강선,경강선,416,37.317185,127.40476,-0.2398027953074875
444,경기광주,경강선,경강선,413,37.398775,127.252308,-0.18579822868240004
445,곤지암,경강선,경강선,415,37.351315,127.34674,-0.22903328249256694
446,삼동,경강선,경강선,412,37.409522,127.20336,-0.14070120022379384
447,여주,경강선,경강선,420,37.282701,127.628607,-0.3099218781747193
448,이천,경강선,경강선,417,37.265579,127.44226,-0.24861185646945372
449,이매,경강선,경강선,411,37.396104,127.12827,-0.31593907244188213
450,초월,경강선,경강선,414,37.374419,127.299,-0.11722557940808032
451,부발,경강선,경강선,418,37.260192,127.490277,-0.1935119281620492
452,도심,경의중앙선,경의중앙선,127,37.579622,127.222672,-0.27343334848831924
453,용산,경의중앙선,경의중앙선,110,37.529849,126.964561,-0.35582950083197395
454,상봉(시외버스터미널),경의중앙선,경의중앙선,120,37.596362,127.085032,-0.19862392006691143
455,왕십리(성동구청),경의중앙선,경의중앙선,116,37.561533,127.037732,-0.3262649698658038
456,도농,경의중앙선,경의중앙선,124,37.608806,127.161153,-0.1852616170727983
457,운길산,경의중앙선,경의중앙선,129,37.554669,127.310115,-0.07412313650711755
458,청량리(서울시립대입구),경의중앙선,경의중앙선,117,37.580178,127.046835,-0.30873663723207145
459,서빙고,경의중앙선,경의중앙선,112,37.519594,126.988537,-0.2832912917866627
460,용문,경의중앙선,경의중앙선,137,37.48223,127.594647,-0.37382424396987957
461,옥수,경의중앙선,경의중앙선,114,37.540685,127.017965,-0.2564027174052831
462,양원,경의중앙선,경의중앙선,122,37.606596,127.107906,-0.23620115647450501
463,국수,경의중앙선,경의중앙선,132,37.516169,127.399367,-0.2622634765149672
464,신원,경의중앙선,경의중앙선,131,37.525545,127.372921,-0.08077928248990263
465,구리,경의중앙선,경의중앙선,123,37.603392,127.143869,-0.2355052047107643
466,회기,경의중앙선,경의중앙선,118,37.58946,127.057583,-0.3405541525029957
467,응봉,경의중앙선,경의중앙선,115,37.549946,127.034538,-0.22678785651755706
468,양정,경의중앙선,경의중앙선,125,37.60533,127.19364,-0.2310056090100855
469,지평,경의중앙선,경의중앙선,138,37.476444,127.629617,-0.10946364458574287
470,중랑,경의중앙선,경의중앙선,119,37.594917,127.076116,-0.21050278953719492
471,한남,경의중앙선,경의중앙선,113,37.52943,127.009169,-0.24668532010770428
472,양수,경의중앙선,경의중앙선,130,37.545981,127.329098,-0.22490515791372334
473,오빈,경의중앙선,경의중앙선,134,37.506062,127.473868,-0.2569935077334352
474,양평,경의중앙선,경의중앙선,135,37.492832,127.491814,-0.33436164758928244
475,덕소,경의중앙선,경의중앙선,126,37.586781,127.208832,-0.26588747001951074
476,이촌(국립중앙박물관),경의중앙선,경의중앙선,111,37.522272,126.974345,-0.36869590235879535
477,팔당,경의중앙선,경의중앙선,128,37.547371,127.243939,-0.07804861947230923
478,원덕,경의중앙선,경의중앙선,136,37.468672,127.547076,-0.265452371666126
479,망우,경의중앙선,경의중앙선,121,37.59955,127.091909,-0.24239916190752542
480,아신,경의중앙선,경의중앙선,133,37.51382,127.443173,-0.3362100393205274
481,월롱,경의중앙선,경의중앙선A,332,37.796188,126.792587,-0.30289794220074895
482,가좌,경의중앙선,경의중앙선A,315,37.568491,126.915487,-0.2075038932747617
483,용산,경의중앙선,경의중앙선A,310,37.529849,126.964561,-0.35582950083197395
484,풍산,경의중앙선,경의중앙선A,325,37.672346,126.786243,-0.19445182536639594
485,문산,경의중앙선,경의중앙선A,334,37.854619,126.788047,-0.3231118079955587
486,효창공원앞,경의중앙선,경의중앙선A,311,37.539261,126.961351,-0.22387602249394212
487,수색,경의중앙선,경의중앙선A,317,37.580842,126.895611,-0.16132309681089707
488,파주,경의중앙선,경의중앙선A,333,37.815298,126.792783,-0.39942978886257163
489,금촌,경의중앙선,경의중앙선A,331,37.766217,126.774644,-0.2904243604762744
490,능곡,경의중앙선,경의중앙선A,321,37.618808,126.820783,-0.20974732755565983
491,대곡,경의중앙선,경의중앙선A,322,37.631626,126.811024,-0.16658127624165853
492,홍대입구,경의중앙선,경의중앙선A,314,37.557192,126.925381,-0.438715302919257
493,일산,경의중앙선,경의중앙선A,326,37.682077,126.769846,-0.23003276566702857
494,탄현,경의중앙선,경의중앙선A,327,37.694023,126.761086,-0.22468263810010103
495,화전,경의중앙선,경의중앙선A,318,37.602888,126.868387,-0.4871490160190489
496,운정,경의중앙선,경의중앙선A,329,37.725826,126.767257,-0.17272245466624814
497,디지털미디어시티,경의중앙선,경의중앙선A,316,37.576646,126.900984,-0.1944720007000622
498,행신,경의중앙선,경의중앙선A,320,37.612102,126.834146,-0.23004763261008931
499,서강대,경의중앙선,경의중앙선A,313,37.551881,126.935711,-0.26545581607118274
500,금릉,경의중앙선,경의중앙선A,330,37.751322,126.765347,-0.23626901367253716
501,곡산,경의중앙선,경의중앙선A,323,37.645676,126.801762,-0.200363140153606
502,백마,경의중앙선,경의중앙선A,324,37.658239,126.794461,-0.22431341230339452
503,야당,경의중앙선,경의중앙선A,328,37.712327,126.761356,-0.03126096368454445
504,강매,경의중앙선,경의중앙선A,319,37.612314,126.843223,-0.15748086306509812
505,공덕,경의중앙선,경의중앙선A,312,37.544018,126.951592,-0.2265167008020148
506,가좌,경의중앙선,경의중앙선B,315,37.568491,126.915487,-0.2075038932747617
507,서울역,경의중앙선,경의중앙선B,317,37.554648,126.972559,-0.40800617254347327
508,신촌(경의중앙),경의중앙선,경의중앙선B,316,37.559864,126.942571,-0.32803027213357194
509,퇴계원,경춘선,경춘선,125,37.648311,127.143952,-0.2016970610412543
510,별내,경춘선,경춘선,124,37.64202,127.12684,-0.13671186257030565
511,백양리,경춘선,경춘선,136,37.830779,127.58933,-0.31032945394425193
512,상봉(시외버스터미널),경춘선,경춘선,120,37.596362,127.085032,-0.19862392006691143
513,갈매,경춘선,경춘선,123,37.634118,127.114757,-0.10071730504533882
514,청량리(서울시립대입구),경춘선,경춘선,117,37.580178,127.046835,-0.30873663723207145
515,광운대,경춘선,경춘선,116,37.623632,127.061835,-0.3007307666340202
516,금곡,경춘선,경춘선,127,37.637382,127.207853,-0.22079188392310767
517,신내,경춘선,경춘선,122,37.612887,127.103218,0.5082901246784088
518,평내호평,경춘선,경춘선,128,37.653225,127.244493,-0.19299473553935986
519,회기,경춘선,경춘선,118,37.58946,127.057583,-0.3405541525029957
520,김유정,경춘선,경춘선,138,37.818466,127.71434,-0.3580288930249047
521,춘천,경춘선,경춘선,140,37.885054,127.717023,-0.4492191490785853
522,굴봉산,경춘선,경춘선,135,37.832067,127.557695,-0.2811654792203544
523,강촌,경춘선,경춘선,137,37.805723,127.634146,-0.3354668507836245
524,상천,경춘선,경춘선,133,37.770246,127.454821,-0.2903345449150656
525,중랑,경춘선,경춘선,119,37.594917,127.076116,-0.21050278953719492
526,천마산,경춘선,경춘선,129,37.658978,127.285379,-0.1790856274370375
527,사릉,경춘선,경춘선,126,37.65108,127.176933,-0.2317540518935678
528,마석,경춘선,경춘선,130,37.652782,127.311767,-0.21727001277186075
529,청평,경춘선,경춘선,132,37.735488,127.42661,-0.3767426915295943
530,남춘천,경춘선,경춘선,139,37.864007,127.723792,-0.3505647020886171
531,대성리,경춘선,경춘선,131,37.684071,127.379319,-0.41853224054648874
532,망우,경춘선,경춘선,121,37.59955,127.091909,-0.24239916190752542
533,가평,경춘선,경춘선,134,37.814536,127.510739,-0.3822845094559424
534,김포공항,공항철도,공항철도,6,37.562434,126.801058,-0.2502203863166078
535,영종,공항철도,공항철도,10,37.511466,126.5237,-0.053506186489792884
536,마곡나루(서울식물원),공항철도,공항철도,5,37.567336,126.829497,0.0911244605082655
537,청라국제도시,공항철도,공항철도,9,37.555878,126.625327,-0.194503878197402
538,계양,공항철도,공항철도,7,37.571462,126.735637,-0.3126545722131475
539,운서,공항철도,공항철도,11,37.492904,126.49379,-0.2353445237909153
540,홍대입구,공항철도,공항철도,3,37.557192,126.925381,-0.438715302919257
541,서울역,공항철도,공항철도,1,37.554648,126.972559,-0.40800617254347327
542,인천공항1터미널,공항철도,공항철도,13,37.447492,126.452555,-0.7754203640134024
543,인천공항2터미널,공항철도,공항철도,14,37.467407,126.434142,-0.6654157024553636
544,디지털미디어시티,공항철도,공항철도,4,37.576646,126.900984,-0.1944720007000622
545,검암,공항철도,공항철도,8,37.569104,126.673728,-0.31350233970842967
546,공항화물청사,공항철도,공항철도,12,37.458366,126.476241,-0.21406079943756806
547,공덕,공항철도,공항철도,2,37.544018,126.951592,-0.2265167008020148
548,서현,수인분당선,수인분당선,228,37.385126,127.123592,-0.3030402101347276
549,한대앞,수인분당선,수인분당선,251,37.309689,126.85344,-0.25079074664375745
550,대모산입구,수인분당선,수인분당선,220,37.491373,127.07272,-0.1544654091743981
551,야탑,수인분당선,수인분당선,226,37.411185,127.128715,-0.30689482997418593
552,남동인더스파크,수인분당선,수인분당선,264,37.407722,126.695216,-0.1194907042216603
553,가천대,수인분당선,수인분당선,223,37.448605,127.126697,-0.3859967071050384
554,연수,수인분당선,수인분당선,266,37.417804,126.67894,-0.3089333769041398
555,왕십리(성동구청),수인분당선,수인분당선,210,37.561533,127.037732,-0.3262649698658038
556,달월,수인분당선,수인분당선,259,37.379681,126.745177,-0.15671092141791465
557,송도,수인분당선,수인분당선,267,37.428514,126.657772,-0.29241560767571717
558,복정,수인분당선,수인분당선,222,37.470047,127.126662,-0.2698879569779772
559,수내,수인분당선,수인분당선,229,37.378455,127.114322,-0.2746005766151839
560,원인재,수인분당선,수인분당선,265,37.412603,126.687389,-0.23750526160801666
561,청량리(서울시립대입구),수인분당선,수인분당선,209,37.580178,127.046835,-0.30873663723207145
562,도곡,수인분당선,수인분당선,217,37.490858,127.055381,-0.25951219865471575
563,태평,수인분당선,수인분당선,224,37.440019,127.127709,-0.22443350551947228
564,신포,수인분당선,수인분당선,270,37.46874,126.623853,-0.29039576134832856
565,상갈,수인분당선,수인분당선,238,37.26181,127.108847,-0.2628362116579517
566,인하대,수인분당선,수인분당선,268,37.448493,126.649619,-0.2790660040342744
567,압구정로데오,수인분당선,수인분당선,212,37.527381,127.040534,-0.10146656127873388
568,서울숲,수인분당선,수인분당선,211,37.543617,127.044707,-0.07772258444045121
569,안산,수인분당선,수인분당선,255,37.327082,126.788532,-0.33107391936336017
570,정왕,수인분당선,수인분당선,257,37.351735,126.742989,-0.26379375982188447
571,인천논현,수인분당선,수인분당선,262,37.400614,126.722478,-0.27793568462832774
572,강남구청,수인분당선,수인분당선,213,37.517186,127.04128,-0.16275754284531496
573,청명,수인분당선,수인분당선,239,37.259489,127.078934,-0.2720267683581936
574,소래포구,수인분당선,수인분당선,261,37.40095,126.733522,-0.17634573560490063
575,매교,수인분당선,수인분당선,244,37.265481,127.015678,-0.1843297288308935
576,수원,수인분당선,수인분당선,245,37.265974,126.999874,-0.3526775570304135
577,선정릉,수인분당선,수인분당선,214,37.51098,127.043593,-0.1439907000696674
578,기흥,수인분당선,수인분당선,237,37.275619,127.115936,-0.2666279089774142
579,중앙,수인분당선,수인분당선,252,37.315941,126.838573,-0.2384578072537753
580,신갈,수인분당선,수인분당선,236,37.286102,127.111313,-0.2774797259320718
581,수원시청,수인분당선,수인분당선,243,37.261911,127.030736,-0.20930580443064017
582,오이도,수인분당선,수인분당선,258,37.362357,126.738714,-0.302886903773564
583,인천,수인분당선,수인분당선,271,37.476691,126.616936,-0.3283381857859913
584,망포,수인분당선,수인분당선,241,37.245795,127.057353,-0.23613507478012263
585,죽전,수인분당선,수인분당선,233,37.324753,127.107395,-0.3339096693562348
586,숭의,수인분당선,수인분당선,269,37.460789,126.638297,-0.18160756144846335
587,고잔,수인분당선,수인분당선,253,37.316777,126.823249,-0.239326261645186
588,오리,수인분당선,수인분당선,232,37.339824,127.108942,-0.2882861798819213
589,매탄권선,수인분당선,수인분당선,242,37.252759,127.040566,-0.2240385275421497
590,수서,수인분당선,수인분당선,221,37.487371,127.10188,-0.2668711656441718
591,정자,수인분당선,수인분당선,230,37.36706,127.108105,-0.22565920185232247
592,한티,수인분당선,수인분당선,216,37.496237,127.052873,-0.24773820677040836
593,이매,수인분당선,수인분당선,227,37.396104,127.12827,-0.31593907244188213
594,구룡,수인분당선,수인분당선,218,37.486839,127.058856,-0.23438057852540328
595,월곶,수인분당선,수인분당선,260,37.391769,126.742699,-0.2277445512063574
596,개포동,수인분당선,수인분당선,219,37.489116,127.06614,-0.14515994684581024
597,구성,수인분당선,수인분당선,235,37.298969,127.105664,-0.25332019909607406
598,초지,수인분당선,수인분당선,254,37.320646,126.805913,-0.14953541934896042
599,호구포,수인분당선,수인분당선,263,37.401637,126.708627,-0.2016806130755343
600,선릉,수인분당선,수인분당선,215,37.504503,127.049008,-0.1909893620511206
601,보정,수인분당선,수인분당선,234,37.312752,127.108196,-0.31429752454755455
602,신길온천,수인분당선,수인분당선,256,37.338212,126.765844,-0.22561068896935077
603,영통,수인분당선,수인분당선,240,37.251568,127.071394,-0.3356756699628809
604,모란,수인분당선,수인분당선,225,37.43213,127.129087,-0.26326693326886597
605,미금,수인분당선,수인분당선,231,37.350077,127.10891,-0.28403556267418806
606,북한산보국문,우이신설선,우이신설선,949,37.612343,127.008009,-0.2063520159504365
607,보문,우이신설선,우이신설선,952,37.585286,127.019381,-0.23811221120966786
608,가오리,우이신설선,우이신설선,944,37.641701,127.016792,-0.20101607740954452
609,신설동,우이신설선,우이신설선,953,37.575297,127.025087,-0.28176501265873555
610,솔밭공원,우이신설선,우이신설선,942,37.656088,127.013252,-0.18735774678336303
611,솔샘,우이신설선,우이신설선,948,37.62124,127.013528,-0.19094076940952853
612,4.19민주묘지,우이신설선,우이신설선,943,37.649593,127.013746,-0.2625318589341581
613,화계,우이신설선,우이신설선,945,37.634802,127.017519,-0.18060299949265923
614,북한산우이,우이신설선,우이신설선,941,37.663146,127.012789,-0.19944853942870433
615,정릉,우이신설선,우이신설선,950,37.602798,127.01349,-0.178160675713814
616,삼양,우이신설선,우이신설선,946,37.627165,127.018152,-0.18561417830392968
617,삼양사거리,우이신설선,우이신설선,947,37.621512,127.02048,-0.1819195043961629
618,성신여대입구(돈암),우이신설선,우이신설선,951,37.592624,127.016403,-0.32889862470555553
